word,Frequency
rt,327
chicago,179
cffc,144
back,142
x,138
vamosfire,137
‚Äô,122
mls,115
home,114
first,103
one,101
captainmorganus,94
gerbercollision,92
us,92
fire,88
new,82
echousa,81
go,78
soldier,72
get,69
got,67
day,65
coming,64
big,63
field,63
good,63
mlsisback,59
keep,59
today,58
chicagofire,58
djomihailovic,57
season,54
s,54
time,54
night,54
game,53
alvaromedran,52
win,52
like,51
live,51
goal,49
novacare,49
well,48
final,48
two,47
firewatchparty,46
next,46
tonight,46
nikonemanja,44
city,44
love,44
see,43
best,42
espn,42
vs,42
second,41
pm,41
match,41
beriƒá,40
team,40
welcome,39
jonnybornstein,39
xi,39
sunday,38
de,38
club,38
play,37
saturday,37
great,37
amp,36
emls,36
lets,36
year,36
last,35
comes,35
points,34
take,34
gets,34
three,33
come,33
‚É£,33
ready,33
days,32
right,32
el,31
happy,31
week,31
still,30
jeremiahgutjahr,30
bschweinsteiger,30
ct,30
heinekenus,29
thank,29
la,27
underway,27
tomorrow,27
matchday,26
soon,26
make,26
wgntv,26
em,26
work,25
place,25
wgn,25
every,25
league,25
makes,24
games,24
fans,24
news,24
soldierfield,24
man,24
always,24
watch,23
top,23
weve,23
going,23
goals,23
straight,23
thanks,22
tonights,22
heat,22
tnterens,22
usmnt,22
road,22
things,22
let,22
frankie,22
starting,22
start,21
chance,21
part,21
itsavvyllc,21
another,21
minutes,21
youre,20
we,20
half,20
debut,20
pineda,20
azira,20
stay,19
special,19
kickchildhoodcancer,19
it,19
homegrown,19
together,19
con,19
change,19
real,19
en,19
boys,19
congrats,19
chiredstarspr,18
collier,18
orlando,18
kid,18
know,18
wicky,18
ahead,17
join,17
weekend,17
heres,17
calvo,17
nicogaitan,17
guy,17
cup,17
finish,17
re,17
birthday,17
everything,17
way,17
lagalaxy,16
put,16
ü§ù,16
full,16
history,16
tickets,16
para,16
set,16
ya,16
world,16
hot,16
basti,16
winner,16
support,16
family,16
mauricio,16
tune,16
hours,15
making,15
opener,15
player,15
lead,15
everyone,15
wednesday,15
away,15
help,15
series,15
legend,15
herbers,15
soccer,15
point,15
level,15
house,15
step,15
group,15
tuesday,15
grahamparkerfc,15
players,14
look,14
t,14
content,14
turn,14
vamos,14
playoff,14
gast√≥n,14
preseason,14
att,14
starts,14
pick,14
chicagobulls,14
made,14
til,14
show,14
todays,14
un,14
chivdc,14
kickoff,13
afternoon,13
bobby,13
clbvchi,13
need,13
community,13
building,13
yes,13
bring,13
‚Äç,13
training,13
strong,13
chicagos,13
i,13
done,13
long,12
open,12
na,12
gon,12
round,12
begins,12
wait,12
nevchi,12
never,12
votenikolic,12
continentaltire,12
available,12
fresh,12
started,12
plays,12
allstate,12
forwardmsnfc,12
feeling,12
seattle,12
captain,12
frankowski,12
little,12
oh,12
run,12
years,11
check,11
update,11
micheal,11
line,11
moments,11
future,11
stream,11
came,11
superdraft,11
robert,11
ll,11
firepitch,11
excited,11
voiced,11
rise,11
chifireacademy,11
los,11
young,11
kit,11
wallpaperwednesday,11
takes,11
ticket,11
philaunion,11
break,11
many,11
hes,11
early,11
wearenotplaying,10
medr√°n,10
give,10
front,10
luck,10
energy,10
england,10
want,10
since,10
mlsallstar,10
tweet,10
playing,10
joins,10
katai,10
morning,10
nashvillesc,10
schedule,10
‚É£‚É£,10
say,10
behind,10
favorite,10
cant,10
matches,10
people,10
acquired,10
kick,10
experience,10
‚Üî,10
forward,10
looking,10
fan,10
orangecountysc,9
defender,9
tigerenergyusa,9
stand,9
much,9
‚Äù,9
vote,9
m√°s,9
friends,9
updates,9
really,9
guys,9
mkot,9
bags,9
called,9
march,9
stage,9
doubles,9
changes,9
tournament,9
torontofc,9
por,9
su,9
beginning,9
üß§,9
ever,9
steps,9
international,9
slonina,9
safe,9
catch,9
chicagobears,9
ü•∫,9
better,9
teams,9
four,9
bornstein,9
red,9
moment,9
five,9
find,9
lives,9
fccincinnati,8
life,8
hosts,8
lot,8
del,8
football,8
askberic,8
motorolaus,8
orlvchi,8
subs,8
opportunity,8
sub,8
columbus,8
hope,8
grind,8
clean,8
fun,8
aliseda,8
officially,8
even,8
proud,8
chivmtl,8
continues,8
squad,8
something,8
kenny,8
across,8
working,8
¬ª,8
getting,8
you,8
save,8
fabi,8
mihailoviƒá,8
follow,8
kicks,8
retweet,8
post,8
double,8
qualifying,8
signed,8
raise,8
mnufc,8
quick,8
heart,8
memories,8
camp,8
pro,8
elliot,8
meet,8
loves,8
‚Ä¶,8
nos,8
roster,8
que,8
goes,8
whole,8
signing,8
chivsea,8
raphael,8
relive,8
party,8
push,8
important,8
whitesox,8
wishing,7
youll,7
lakefront,7
ve,7
adidassoccer,7
net,7
youth,7
nacho,7
chances,7
chivcin,7
tell,7
ball,7
prizes,7
arlowhite,7
rvheem,7
wins,7
‚Äº,7
miguel,7
navarro,7
grabs,7
tfclive,7
mansueto,7
joe,7
te,7
w,7
ig,7
chivhou,7
third,7
vision,7
use,7
trip,7
sure,7
locked,7
return,7
coach,7
chivnyc,7
homecoming,7
could,7
able,7
pride,7
shot,7
south,7
lo,7
houston,7
drivein,7
chivsj,7
scores,7
chivvan,7
staying,7
bronico,7
local,7
cause,7
minvchi,7
dtid,7
massive,7
hi,7
pair,7
trio,7
standforchicago,7
nhlblackhawks,7
running,7
business,7
along,7
spot,7
story,7
voice,7
latest,7
read,7
tough,7
timeline,7
april,7
imfc,7
saturdays,7
close,7
showing,7
high,7
national,7
esta,7
around,7
clubs,7
chicagosports,7
jersey,7
carlos,7
honored,7
old,6
montreal,6
pulls,6
backcffc,6
east,6
est√°n,6
ü§î,6
fam,6
atlutd,6
stronger,6
west,6
paytonsun,6
edition,6
fight,6
town,6
may,6
https‚Ä¶,6
regreso,6
appreciation,6
patch,6
bright,6
uefaeuro,6
spread,6
houvchi,6
keeps,6
partido,6
arrived,6
word,6
month,6
champs,6
wow,6
streaming,6
breaks,6
theres,6
head,6
armband,6
played,6
giving,6
iamscarpelli,6
rodr√≠guez,6
shuttleworth,6
blacklivesmatter,6
thursday,6
n,6
kappelhof,6
weeks,6
ninisdeli,6
icymi,6
epsteinnoahh,6
dub,6
health,6
grow,6
wgnespn,6
fast,6
midfield,6
free,6
wickycffc,6
later,6
end,6
este,6
donate,6
cinvchi,6
feel,6
conference,6
ends,6
dont,6
begin,6
pushing,6
wish,6
hello,6
lineup,6
chicagofiresitc,6
prize,6
clutch,6
smiles,6
klopas,6
raffle,6
power,6
video,6
black,6
oncffc,6
micd,6
heads,6
lights,6
celebrating,6
wont,6
regular,6
appearance,6
firejrs,6
kc,6
closer,6
foot,6
ones,6
opencup,6
cj,6
call,6
√°lvaro,6
september,6
shine,6
hey,6
djordje,6
gear,6
growing,6
frank,6
inside,6
calencarr,6
niko,6
q,6
v,6
hungry,6
limited,5
momentum,5
class,5
bpcmls,5
hard,5
changescffc,5
left,5
mask,5
gutierrez,5
nerevolution,5
easy,5
fall,5
late,5
seatgeek,5
honor,5
rest,5
wayfirewatchparty,5
philly,5
summer,5
lots,5
bridgeview,5
firesblack,5
celebrate,5
paycorinc,5
mvp,5
sports,5
colorado,5
golden,5
friend,5
hear,5
ü§©,5
calls,5
era,5
equalizer,5
piece,5
light,5
numbers,5
sale,5
build,5
named,5
mind,5
pres,5
deep,5
remember,5
ter√°n,5
friday,5
joined,5
captains,5
action,5
eyes,5
star,5
loop,5
decision,5
press,5
d√≠a,5
minute,5
view,5
giveaways,5
merch,5
hometown,5
halftime,5
sheet,5
anniversary,5
es,5
overall,5
confirm,5
means,5
nuestro,5
photo,5
celebration,5
mlshomegrown,5
rebound,5
nightcffc,5
square,5
listos,5
espinoza,5
ü•µ,5
taking,5
univision,5
announced,5
razov,5
message,5
months,5
seat,5
corner,5
strikes,5
footy,5
mtlvchi,5
pledge,5
enters,5
nashville,5
¬°feliz,5
m,5
mauri,5
cumplea√±os,5
todo,5
orlandocitysc,5
leave,5
share,5
brian,5
slots,5
decisionday,5
puts,5
event,5
omsberg,5
almost,5
duty,5
ago,5
chivphi,5
showed,5
board,5
amazing,5
porvchi,5
shared,5
gim√©nez,5
details,5
past,5
ü§Ø,5
face,5
art,5
different,5
draft,5
seats,5
kronholm,5
whats,5
doop,5
app,5
coloradorapids,5
perfect,5
bobblehead,5
finale,5
sticks,5
acerca,5
ways,5
plans,5
mlsunites,5
miss,5
impactmontreal,5
space,5
hero,5
took,5
tuned,5
stayhomesavelives,5
illinois,5
im,5
calling,5
watching,5
stars,5
dream,5
mood,5
chicagoans,5
reentry,4
exchange,4
matter,4
heroics,4
flight,4
kids,4
aleksandar,4
purchase,4
money,4
buzzing,4
houstondynamo,4
without,4
grab,4
sharp,4
enough,4
fuel,4
booth,4
levels,4
six,4
keeping,4
staff,4
alltime,4
ft,4
holders,4
ctcffc,4
aint,4
assist,4
said,4
stands,4
would,4
ü§ô,4
caps,4
postseason,4
strength,4
‚Äò,4
chivclb,4
var,4
twitter,4
üß±,4
counting,4
thoughts,4
forget,4
mentality,4
thankful,4
music,4
setup,4
performance,4
tomorrows,4
ties,4
ride,4
reach,4
fadochicago,4
person,4
camera,4
talk,4
finding,4
visit,4
thought,4
teammate,4
kickin,4
mbchicagolanddealers,4
heitz,4
georg,4
spark,4
times,4
park,4
ta,4
skcvchi,4
breakthrough,4
gives,4
legs,4
midweek,4
supporters,4
program,4
dankebasti,4
thing,4
hits,4
deck,4
media,4
due,4
eat,4
seven,4
midfielder,4
chicagosmayor,4
changecffc,4
whos,4
‚Ä¢,4
beautiful,4
artist,4
stories,4
list,4
casas,4
offor,4
talent,4
battled,4
enjoy,4
care,4
expansion,4
slowing,4
laczynaspilka,4
attackcffc,4
como,4
spring,4
contract,4
exercised,4
ü§§,4
whistle,4
believe,4
counts,4
alongside,4
winter,4
jhon,4
lightning,4
portland,4
d,4
youngest,4
waiting,4
boot,4
becomes,4
via,4
sapong,4
cynthia,4
communitymvp,4
shirt,4
shown,4
major,4
phivchi,4
fcdallas,4
debuts,4
nycfc,4
think,4
mobile,4
newyorkredbulls,4
allnew,4
b,4
eye,4
rights,4
capit√°n,4
lafc,4
rickfromxicago,4
heard,4
solo,4
gutjahr,4
tampa,4
ü•≥,4
g,4
warm,4
chivtor,4
√°ngel,4
create,4
representing,4
bringing,4
monis,4
reminder,4
scoring,4
grateful,4
air,4
sport,4
jimenez,4
attmichiganave,4
remain,4
short,4
including,4
women,4
nothing,4
mlsisblack,4
secondary,4
custom,4
name,4
brimstone,4
guitar,4
philadelphia,4
grindset,4
already,4
coast,4
fit,4
move,4
fieldcffc,4
regroup,4
stop,4
fc,4
cincinnati,4
faceofcity,4
repeat,4
nycvchi,4
againcffc,4
entire,4
cincy,4
chifirefound,4
onto,4
nice,4
courtesy,4
newest,4
nick,4
damarcusbeasley,4
healthcare,4
se,4
adding,4
brady,4
hit,4
hour,3
telemundochi,3
daily,3
brings,3
partners,3
strike,3
chivrbny,3
lucky,3
puntos,3
legscffc,3
th‚Ä¶,3
giveaway,3
boy,3
thornton,3
delivers,3
scene,3
dad,3
reairing,3
frontline,3
workin,3
helping,3
üßô‚Äç,3
official,3
bigger,3
crest,3
truly,3
donating,3
result,3
miles,3
soccersunday,3
date,3
busy,3
lift,3
felt,3
¬°,3
spaces,3
somethin,3
wnbachicagosky,3
email,3
magical,3
extends,3
parte,3
uscffc,3
food,3
dr,3
drop,3
session,3
center,3
burning,3
postponed,3
bangers,3
generation,3
loved,3
oct,3
mlspr,3
raising,3
sending,3
leading,3
speak,3
foundation,3
awardwinning,3
tudnusa,3
greatest,3
chivskc,3
count,3
million,3
resume,3
enter,3
twice,3
turns,3
side,3
pass,3
keys,3
career,3
serve,3
sportingkc,3
revs,3
luka,3
sparrow,3
lookin,3
deserves,3
announces,3
jonny,3
aqu√≠,3
can,3
minds,3
shorts,3
sjearthquakes,3
words,3
cash,3
opportunities,3
add,3
monday,3
looks,3
throughout,3
stojanoviƒá,3
chi,3
fought,3
continue,3
san,3
sweet,3
scarf,3
cold,3
friendly,3
isnt,3
download,3
listen,3
also,3
plan,3
phone,3
hyped,3
highlights,3
columbuscrewsc,3
sundays,3
dcu,3
they,3
¬°no,3
clash,3
provide,3
‚Äú,3
drinkbodyarmor,3
registration,3
spirit,3
opens,3
jessemarsch,3
doubt,3
johan,3
ht,3
returns,3
cristian,3
‚Äî,3
recovery,3
sorry,3
rising,3
iowa,3
toronto,3
sun,3
ussoccer,3
indiana,3
beer,3
wear,3
kentucky,3
solidarity,3
allforone,3
upcoming,3
couldn,3
bienvenido,3
interest,3
draw,3
fly,3
near,3
receive,3
teamupmaskup,3
madison,3
al,3
homegrowns,3
autographed,3
t√∫,3
wusijix,3
hoy,3
restart,3
reply,3
using,3
feels,3
trying,3
saw,3
wickys,3
walk,3
headed,3
supporting,3
option,3
hbd,3
outside,3
suspension,3
roberts,3
heating,3
keeper,3
entrenamientos,3
display,3
chivatl,3
cancer,3
tied,3
fourth,3
boss,3
style,3
fepafut,3
cheer,3
hurry,3
familia,3
holding,3
sporting,3
shift,3
director,3
penalty,3
mkotmkot,3
social,3
gif,3
wave,3
fabian,3
fu√üballgott,3
dcunited,3
unbeaten,3
shape,3
sliding,3
brothers,3
fedefutbolcrc,3
online,3
cut,3
movement,3
¬°vamos,3
champion,3
super,3
locally,3
zardes,3
vibes,3
hype,3
standing,3
selection,3
tudn,3
¬©,3
greats,3
raised,3
mike,3
mode,3
rain,3
within,3
domingo,3
worn,3
rolling,3
bundle,3
project,3
didn,3
qualifier,3
sarahlgorden,3
must,3
wednesdays,3
twogoal,3
dec,3
per,3
awaits,3
mensaje,3
florida,3
soundersfc,3
restores,3
leaders,3
ok,3
pointscffc,3
cool,3
mlses,3
fue,3
jugador,3
las,3
ser,3
partidos,3
equipo,3
silence,3
positive,3
boris,3
might,3
king,3
cooking,3
area,3
hearts,3
american,3
fifth,3
register,3
stays,3
general,3
former,3
fighting,3
quite,3
ü§û,3
smile,3
tuesdays,3
lukas,3
allocation,3
collection,3
didchicagowin,3
order,3
appearances,3
sparky,3
motm,3
choice,3
status,3
picks,3
jerseys,3
kuba,3
maestro,3
response,3
page,3
neighborhood,3
spots,3
minutescffc,3
minnesota,3
chills,3
wake,3
chivfcd,3
hold,3
ht‚Ä¶,3
aziramicheal,3
kind,3
delivery,3
vip,3
far,3
frankies,3
nycfcchivnyc,3
platica,3
possible,3
h‚Ä¶,3
mitch,3
dur√°n,3
ü•á,3
rookie,3
award,3
winners,3
chinonso,3
digs,3
men,3
advocare,3
nelson,3
deckcffc,3
chicagosky,3
crew,3
uswnt,3
powerful,3
thanksgiving,3
undefeated,3
fired,3
needed,3
gents,3
case,3
dropping,3
chicagowelcome,3
scorer,3
masks,2
ignacio,2
clinical,2
yep,2
comfort,2
pandemic,2
beats,2
float,2
shots,2
stops,2
wheels,2
challenge,2
there,2
deposit,2
allowing,2
biggest,2
what,2
queen,2
dreaming,2
journey,2
forged,2
ma√±ana,2
replay,2
veteransday,2
venezuelan,2
pinedacffc,2
beautifully,2
mic,2
pushingcffc,2
questions,2
crucial,2
mail,2
chivne,2
feelin,2
buy,2
bobble,2
visual,2
identity,2
vamooooos,2
brown,2
loose,2
unique,2
gave,2
game‚Äº,2
incoming,2
perspective,2
for‚Ä¶,2
rematch,2
powering,2
confirmed,2
january,2
pls,2
sheets,2
ring,2
served,2
iconic,2
connor,2
choose,2
olympic,2
cross,2
casa,2
welcoming,2
seen,2
daywhat,2
captured,2
et,2
hows,2
cocacola,2
leg,2
grinding,2
valuable,2
defensive,2
‚É£will,2
thecahall,2
books,2
eastern,2
featured,2
meantime,2
worth,2
cam,2
üßê,2
scottykonair,2
seeing,2
wells,2
legacy,2
blackstonehotel,2
purpose,2
president,2
bunbury,2
faster,2
huge,2
nadie,2
happen,2
weather,2
successful,2
score,2
fern√°ndez,2
state,2
desde,2
moves,2
mark,2
workers,2
position,2
edwards,2
matters,2
eats,2
christoforidis,2
moving,2
complete,2
roads,2
low,2
twenty,2
seconds,2
marquee,2
childhood,2
bow,2
battle,2
answer,2
options,2
facebook,2
flip,2
evening,2
bellletstalk,2
charged,2
nod,2
poder,2
gamecffc,2
question,2
please,2
effect,2
slate,2
informed,2
anything,2
cristiano,2
guarantee,2
turning,2
michel,2
passed,2
anothercffc,2
confidence,2
fel√≠cio,2
worldclass,2
firecffc,2
column,2
winfire,2
gooooo,2
rules,2
paunoviƒá,2
compete,2
book,2
quarterfinals,2
pediatric,2
research,2
exclusive,2
nzfootball,2
heroes,2
chris,2
organization,2
√≠,2
soloriohs,2
snhu,2
vemos,2
tanto,2
kevincoval,2
pitch,2
joy,2
planet,2
youve,2
pickup,2
heineken,2
leadorlvchi,2
ruling,2
snap,2
memory,2
reppin,2
north,2
information,2
stuff,2
jonathan,2
elected,2
underway‚Äº,2
gm,2
invited,2
reset,2
museum,2
gooooooo,2
neverforget,2
‚è∞,2
invitation,2
development,2
learn,2
‚É£x,2
introductory,2
everywhere,2
spoke,2
fund,2
held,2
stoppage,2
homegrowncffc,2
says,2
dm,2
uruguay,2
brand,2
pup,2
hand,2
promise,2
dla,2
buries,2
cibc,2
camps,2
turned,2
announce,2
drive,2
central,2
blast,2
notes,2
stadium,2
inlineup,2
wherever,2
dagger,2
launch,2
uganda,2
swiss,2
speaks,2
educate,2
eligible,2
asked,2
crown,2
adds,2
host,2
artwork,2
sleep,2
everyday,2
ojciec,2
jaki,2
marches,2
jeppsonsmalort,2
√≠dolo,2
gameday,2
dress,2
rehearsal,2
√≥,2
mlscup,2
bless,2
probably,2
aged,2
absolutely,2
instagram,2
faces,2
excuses,2
presented,2
ü§ç,2
missing,2
rsvp,2
nights,2
haz,2
thats,2
windy,2
rep,2
taki,2
syn,2
july,2
finishing,2
seavchi,2
keepin,2
went,2
beast,2
bang,2
lace,2
access,2
pullin,2
shoutout,2
roomies,2
toetotoe,2
loud,2
ü§è,2
actual,2
itll,2
bullsnation,2
spanish,2
finally,2
timjsinclair,2
‚Üí,2
notifications,2
revolution,2
toe,2
don,2
kubik,2
timbersfc,2
pleasure,2
send,2
qui√©n,2
s‚Ä¶,2
languages,2
mal√∂rt,2
easportsfifa,2
f√∫tbol,2
mean,2
small,2
thompson,2
nearly,2
accountable,2
network,2
coronavirus,2
allow,2
nationaldoctorsday,2
else,2
netflix,2
charlottemls,2
segurosamigo,2
box,2
nicholas,2
blanco,2
dostoros,2
appreciate,2
defending,2
unforgettable,2
distance,2
faithful,2
secured,2
note,2
weekly,2
bueno,2
sekuliƒá,2
advance,2
smiling,2
protected,2
although,2
internationalwomensday,2
c‚Ä¶,2
gold,2
pub,2
picked,2
wash,2
inspired,2
fitness,2
nico,2
found,2
sounds,2
putting,2
listening,2
ambition,2
semifinals,2
entrevista,2
denied,2
picking,2
lakeview,2
earns,2
additional,2
resumes,2
participated,2
tu,2
gracias,2
hands,2
hockey,2
phase,2
he,2
union,2
legends,2
allan,2
sight,2
handle,2
dose,2
feed,2
tape,2
wraps,2
overallround,2
teaming,2
entertainment,2
programs,2
medran,2
stock,2
allstar,2
stanislav,2
tuneup,2
wisconsin,2
seasons,2
diego,2
breath,2
ü•∫cffc,2
charity,2
episode,2
gol,2
equalizernerevs,2
knew,2
nope,2
lukeneitzel,2
fully,2
digits,2
partnership,2
dp,2
¬°prep√°rate,2
tambi√©n,2
pizza,2
excitement,2
championship,2
statement,2
captained,2
sept,2
theglobepub,2
hawks,2
kicking,2
yet,2
especially,2
screenwallpaperwednesday,2
michigan,2
reigning,2
white,2
bet,2
scenes,2
duro,2
address,2
basis,2
sold,2
laced,2
apart,2
quakesregister,2
anyone,2
located,2
benefitting,2
missed,2
logan,2
flop,2
mindset,2
belly,2
craft,2
holiday,2
screenshot,2
wholesome,2
pizzapuffs,2
mlkday,2
thriving,2
qu√©,2
patches,2
hopes,2
plainwhitets,2
regionally,2
threads,2
¬©retweet,2
speedy,2
finds,2
vancouver,2
cheers,2
track,2
collect,2
covered,2
todos,2
junior,2
hub,2
flex,2
moratorium,2
reminiscing,2
ryan,2
bed,2
primer,2
y,2
all,2
callmestep,2
learned,2
pay,2
w‚Ä¶,2
trabajando,2
deadlock,2
sends,2
committed,2
soillinois,2
sign,2
nov,2
travel,2
subcffc,2
cuenta,2
record,2
d√∫o,2
views,2
card,2
david,2
test,2
tbt,2
repping,2
julie,2
forever,2
roundtable,2
guticffc,2
showtime,2
girls,2
quit,2
winnercffc,2
lifelong,2
backheel,2
wizard,2
sitting,2
bag,2
pa,2
dfbteam,2
talented,2
taps,2
homecffc,2
member,2
council,2
number,2
progress,2
section,2
dallas,2
this,2
potential,2
involvement,2
andre,2
connect,2
i‚Ä¶,2
encouraged,2
roll,2
dc,2
skills,2
cogorg,2
tv,2
pin,2
behalf,2
respect,2
visitors,2
exercise,2
eight,2
race,2
rage,2
polska,2
success,2
lansingignite,2
age,2
ü•∞,2
solid,2
guide,2
resident,2
conoce,2
october,2
nowak,2
buildup,2
control,2
sizes,2
extending,2
‚Äç‚Äç‚Äç,2
steppin,2
feliz,2
lock,2
ü§©vamosfire,2
kept,2
saved,2
effort,2
appointment,2
fullteam,2
legendary,2
united,2
espnskcvchi,2
aranaroa,2
country,2
sat,2
threecffc,2
owner,2
impact,2
onecffc,2
atleti,2
gk,2
representation,2
gooo,2
aheadwednesday,2
increase,2
gg,2
downtown,2
moved,2
target,2
absolute,2
roundtables,2
hottimeoldtown,2
hall,2
clubcffc,2
mlsworks,2
debutcffc,2
tres,2
revealed,2
showdown,2
cfcnoah,2
mlscupplayoffs,2
tan,2
striker,2
pays,2
alert,2
qualified,2
service,2
vibe,2
york,2
funds,2
dubs,2
albirroja,2
climbing,2
november,2
hat,2
defense,2
nshvchi,2
mes,2
trophy,2
owensmithzz,2
halloween,2
e,2
¬°ma√±ana,2
someone,2
sobre,2
herencia,2
pero,2
teamed,2
ivanov,2
intensity,2
kits,2
chipubschools,2
stretch,2
tsn,2
andrew,2
frankieeeee,2
link,2
sharing,2
focused,2
chat,2
single,2
ground,2
texas,2
¬øcu√°ntos,2
whove,2
shutouts,2
cubs,2
itcanwait,2
usualcffc,1
empez√≥,1
sonrisa,1
una,1
‚è™,1
backkeep,1
ti,1
buksa,1
provecffc,1
happened,1
bracefaceofcity,1
adam,1
viewingnevchi,1
wonderful,1
heartcffc,1
paczkiday,1
fame,1
profi‚Ä¶,1
guests,1
gtgt,1
gast√≥n‚Äºnevchi,1
joeytorresomar,1
role,1
tiene,1
businesscffc,1
bhm,1
weekcffc,1
happening‚Äºcatch,1
·¥á…¥·¥è·¥ú…¢ ú,1
·¥õ·¥Ä ü·¥ãits,1
grins,1
lecarlson,1
lantern,1
ü•É,1
driving,1
ahh,1
gillettestadium,1
worst,1
tag,1
benji,1
oye,1
s√≠,1
kickchildhoodcancertune,1
balance,1
sitcom,1
pouring,1
¬°t√∫,1
ü§ùmlsallstar,1
account,1
models,1
unreal,1
polls,1
orlandofaceofcity,1
mate,1
deseamos,1
agogo,1
mejor,1
jƒôzyku,1
przemys≈Çaw,1
galaxynext,1
goalsnikonemanja,1
sympathies,1
district,1
polskim,1
suspends,1
pandemoneumke,1
whatever,1
saving,1
alex,1
felicidades,1
openercffc,1
¬°muchas,1
recordatorio,1
advisory,1
replacing,1
reps,1
tacos,1
acquires,1
artyku≈Ç,1
amistoso,1
we‚Ä¶,1
ws,1
feeds,1
wheel,1
falls,1
reckless,1
prevent,1
agua,1
javier,1
postgame,1
hail,1
wayhappy,1
funfaceofcity,1
nownext,1
designated,1
gast√≥na,1
weekshomecoming,1
gutman,1
everybody,1
¬°s√≠guenos,1
‚É£ft,1
toasting,1
daddy,1
sauce,1
appearancenevchi,1
wed,1
rout,1
midway,1
chicagoland,1
glory,1
chicagofiremore,1
whose,1
route,1
guti√©rrez,1
beard,1
magichuge,1
comingfaceofcity,1
¬°hola,1
fabulous,1
incredible,1
mkot‚Ä¶,1
wastes,1
achievements,1
paved,1
gotgast√≥n,1
itsee,1
capacity,1
everythingfans,1
radio,1
touches,1
map,1
bonito,1
prepcffc,1
generational,1
kiddosjonnybornstein,1
ü§óü§óü§ó,1
leader,1
roomie,1
pases,1
predict,1
mordida,1
betmgm,1
throughhear,1
id,1
readyseavchi,1
polish,1
presscffc,1
tva,1
professional,1
honors,1
theyll,1
bastiiiii,1
retired,1
culture,1
bastidankebasti,1
receiving,1
uniquely,1
danke,1
stl,1
dawn,1
eracffc,1
biiiiiiiiiiiig,1
chairman,1
‚É£‚É£‚É£‚É£‚É£,1
soundtrack,1
countinghomecoming,1
digging,1
austindmeyer,1
brendan,1
nicogaitans,1
appeal,1
sagna,1
prices,1
club‚Ä¶,1
primevideo,1
mariotirabassi,1
housewarming,1
bottle,1
partys,1
click,1
land,1
successfully,1
glad,1
suspensiongait√°n,1
salvaste,1
ü§úü§õ,1
mikebezotte,1
pumped,1
unified,1
pool,1
occasion,1
huddle,1
perlini,1
aka,1
hannadewisco,1
¬°te,1
juniors,1
heatin,1
wire,1
bacary,1
danraba,1
standalone,1
est,1
est√°,1
fullmingo,1
ü¶©,1
traemos,1
sequence,1
nightaudience,1
spin,1
cycle,1
plinusa,1
yearshappy,1
arlo,1
improved,1
fight‚Ä¶,1
premium,1
dramatically,1
quien,1
¬°mira,1
inject,1
exclamation,1
impactedrest,1
victory,1
crowd,1
unveil,1
measure,1
linked,1
reboot,1
cake,1
queda,1
bien,1
distracted,1
‚É£‚É£‚É£‚É£born,1
k,1
chicagofire‚Ä¶,1
gt,1
aired,1
chifiresoctalk,1
sizing,1
blender,1
dj,1
beauty,1
magicfccincy,1
strap,1
hereseavchi,1
manutd,1
arrives,1
pointsplayoff,1
fcbayern,1
rock,1
wamlsisback,1
yo,1
djomihailovicfccincy,1
crash,1
and‚Ä¶,1
changefccincy,1
lettem,1
unimas,1
nerevs,1
peace,1
gratefulcffc,1
beriƒáseavchi,1
attack,1
goahead,1
debutseavchi,1
nah,1
theoffsiderules,1
eying,1
bday,1
substitutionseavchi,1
morris,1
smoother,1
restfaceofcity,1
activities,1
gait√°n,1
denial,1
bonus,1
campaign,1
feat,1
handbook,1
challengeits,1
dowearenotplaying,1
campeonescup,1
biiiiiiiig,1
echampions,1
chica‚Ä¶,1
wrap,1
üß§¬øpuedes,1
adivinar,1
legendario,1
guardameta,1
form√≥,1
missin,1
sticking,1
worldartday,1
enlightenmentüßò‚Äç,1
viernes¬øde,1
competing,1
pdx,1
jozy,1
leyendo,1
yearrctid,1
htown,1
sorcery,1
committee,1
loot‚Äºalvaromedran,1
podcast,1
omar,1
moneytune,1
mlscallup,1
guides,1
gonz√°lez,1
susannahcollins,1
jilliansakovits,1
quarantine,1
teamhigh,1
onethank,1
bench,1
vibescatch,1
dogs,1
merchit,1
imagined,1
cogorgtoday,1
anothertonight,1
reair,1
sent,1
honduras,1
geburtstag,1
diancarlochin,1
suntimessports,1
mo≈ºemy,1
attention,1
zrobiƒá,1
razem,1
worldhealthday,1
connected,1
homestayhomesavelives,1
everywherestayhomesavelives,1
sound,1
sweetest,1
backyard,1
archijake,1
nycfccffc,1
purest,1
believed,1
needs,1
beinsportsusa,1
rooney,1
firstyear,1
drecordero,1
wwindy,1
sportsburstpm,1
chal‚Ä¶,1
namaste,1
rightful,1
davidousted,1
clockwork,1
couldnt,1
citygoing,1
altidore,1
rose,1
stayhome,1
todaysee,1
everythingcffc,1
crib,1
auntie,1
atletienglish,1
fighter,1
jorge,1
slices,1
chicagowatch,1
bound,1
tailgating,1
rting,1
moreira,1
throwback,1
silent,1
reason,1
ü§´alvaromedran,1
cameos,1
monster,1
flow,1
hustle,1
binge,1
leadrctid,1
inclusivehealth,1
playunifiedmls,1
wolyniec,1
unanswered,1
cardrctid,1
bay,1
blowout,1
pregame,1
shares,1
members,1
mom,1
worker,1
nailed,1
heartbeat,1
chicagodonate,1
pause,1
blood,1
cover,1
nightrctid,1
nikonemanjarctid,1
alles,1
abre,1
rally,1
earlyrctid,1
gute,1
voicesunday,1
thelastdance,1
advantage,1
crunch,1
¬°se,1
sesi√≥n,1
portlandrctid,1
preguntas,1
respuestas,1
pregunta,1
olvides,1
agregar,1
zum,1
respondegast√≥n,1
johnkass,1
truck,1
fastest,1
netted,1
domoduro,1
lines,1
album,1
livesvisit,1
youngchiauthors,1
fundraiser,1
voice‚Ä¶,1
earthday,1
asmr,1
breathe,1
playstation,1
pm‚Ä¶,1
pic,1
hristo,1
none,1
stoichkovs,1
who,1
stayhomes‚Ä¶,1
onestayhomesavelives,1
ganaremos,1
qued√°ndonos,1
dish,1
netfaceofcity,1
ciao,1
peep,1
ü•©,1
footballing,1
idol,1
tomasofficiala,1
fenomeno,1
convinced,1
why,1
miss‚Ä¶,1
iamscarpellia,1
sprichst,1
du,1
deutsch,1
startü§©,1
building‚Äº,1
budding,1
them,1
someones,1
chitrust,1
vid,1
colleagues,1
bridgeviewrt,1
cheering,1
globe,1
medical,1
professionals,1
poised,1
frontlines,1
quietly,1
yessir,1
nationaldoctorsda‚Ä¶,1
kristian,1
playbyplay,1
treatment,1
akindele,1
üß¶,1
reentering,1
tesho,1
presence,1
robertlets,1
homestaying,1
wanted,1
dillonallie,1
ayeee,1
twentyhouse,1
commentary,1
onfrank,1
dear,1
chicagoalthough,1
weltmeister,1
fussballgott,1
safegetting,1
debutwe,1
setting,1
biiiiiig,1
onlinejoin,1
though,1
iamnickslonina,1
usif,1
firsthalf,1
wild,1
funthe,1
stayathome,1
qampa,1
buckets,1
gratefulthank,1
idols,1
szn,1
festival,1
litty,1
themstay,1
üß§cffc,1
trainer,1
saphir,1
creativity,1
mount,1
usynt,1
nationalpuppyday,1
rewarded,1
isn,1
planned,1
nufeinbergmed,1
prime,1
linder,1
glorious,1
hosting,1
venues,1
contribute,1
longterm,1
pubs,1
creador,1
les,1
dejamos,1
t‚Ä¶,1
included,1
temo,1
se√±al,1
ü§Øü§Ø,1
beat,1
goles,1
asistencias,1
commute,1
headband,1
allowed,1
flag,1
rbny,1
dt,1
unitedwaychi,1
fundstayhomesavelives,1
chicagosmayors,1
nightenter,1
makeover,1
schweinsteiger,1
fieldstayhomesavelives,1
neither,1
firstever,1
et‚Ä¶,1
beginningmls,1
burritos,1
unfortunately,1
showdownchivtor,1
hooping,1
hang,1
industry,1
jugados,1
cards,1
jeff,1
broke,1
bschweinsteigers,1
memorable,1
hums,1
crushed,1
nickfoles,1
services,1
magellancorp,1
peaked,1
laceyannnn,1
teammates,1
hatzisnationaldoctorsday,1
strongermlsunites,1
toooooo,1
changasantana,1
ü§´,1
stole,1
larabida,1
waittune,1
limits,1
fu√üballgotts,1
playeran,1
chelsea,1
dinner,1
julieertz,1
bloopers,1
emperador,1
bouncing,1
azteca,1
uni√≥,1
fire‚Ä¶,1
bins,1
foxsoccer,1
alexilalas,1
occupy,1
boredmicheal,1
pursuing,1
masters,1
degree,1
snhuproud,1
afraid,1
countera,1
this‚Ä¶,1
ü§ùchicago,1
fbfoficial,1
possession,1
problem,1
winning,1
patience,1
culturewelcome,1
miseleccionmx,1
zdrilic,1
gam,1
psst,1
boyhood,1
proudcongrats,1
invitational,1
annual,1
contra,1
roles,1
tekkerstuesday,1
marcelo,1
thrives,1
distribute,1
mutually,1
incredibly,1
seasonlong,1
cjmake,1
knock,1
fssrbijes,1
hÃæeÃæaÃætÃæiÃænÃægÃæ,1
door,1
kiss,1
checkin,1
joining,1
noviembre,1
iam,1
preserved,1
panama,1
historic,1
ÃæuÃæpÃæfrankie,1
steady,1
stickswelcome,1
itshappeninggif,1
competed,1
agreed,1
outing,1
tpa,1
squadlet,1
donachie,1
couple,1
tarikcohen,1
purchasers,1
format,1
h,1
stopping,1
laxpreseason,1
ben,1
visitthanks,1
tylertxspurs,1
fantastic,1
fmscorg,1
libertyville,1
location,1
heartshow,1
paths,1
welcomed,1
·¥è…¥emls,1
chapter,1
trade,1
soulwelcome,1
foreverorange,1
states,1
djoker,1
citymore,1
cpdsoccer,1
convocado,1
zachlavine,1
clock,1
faq,1
today‚É£,1
overall‚É£,1
¬°felicidades,1
chanceypaul,1
houstonforeverorange,1
reportjohan,1
vamosticos,1
…¢·¥Ä·¥ç·¥á,1
nexus,1
vast,1
neural,1
drops,1
internationaldanceday,1
vet,1
ohio‚É£,1
santos,1
born,1
beepvia,1
mental,1
kenny‚Ñ¢,1
twilight,1
wbezreset,1
navarrothe,1
caracas,1
greatoff,1
transcended,1
kobebryant,1
audi,1
mi≈Ço≈õƒá,1
blackmamba,1
walking,1
sacrepublicfc,1
askmlsallstar,1
kappelholf,1
lax,1
milesdistance,1
teamwork,1
campbell,1
v√°zquez,1
jim√©nez,1
gostarting,1
gutjahhr,1
clearwater,1
measuring,1
flpreseason,1
ü§™,1
possibly,1
ü¶ã,1
sting,1
die,1
bb,1
longer,1
takin,1
secondround,1
jdhendrixs,1
defeat,1
room,1
mini,1
locker,1
pura,1
vida,1
spend,1
talkin,1
dripping,1
delay,1
exactly,1
my‚Ä¶,1
venue,1
shout,1
fournikonemanja,1
leaving,1
intermiamicf,1
qualifiers,1
goalfest,1
onlylets,1
fanboyingjoin,1
current,1
ticketmaster,1
impressiverobert,1
rodzina,1
volume,1
linkedin,1
tinder,1
co,1
masterclass,1
puntos‚Äº,1
warmups,1
grabbed,1
living,1
pedro,1
supporter,1
sales,1
ed,1
conducted,1
rather,1
‚É£‚É£‚É£‚É£,1
lasthappy,1
proven,1
voted,1
yousarahlgorden,1
needfour,1
chicagoretweet,1
collegiate,1
founding,1
introduce,1
cha‚Ä¶,1
…™…¥,1
uswon,1
valid,1
scholarship,1
ugandaearned,1
voting,1
teammate‚Ä¶,1
·¥ç·¥Ä·¥Ö·¥á,1
clothes,1
trophies,1
sÃæiÃæzÃæzÃælÃæiÃænÃægÃæ,1
beside,1
·¥Ñ ú…™·¥Ñ·¥Ä…¢·¥è,1
serbia,1
draftup,1
portlands,1
families,1
draftround,1
pssst,1
stefan,1
cleveland,1
reynolds,1
waiver,1
field‚Ñπ,1
cityjohan,1
mlscofounded,1
themagmile,1
showcasing,1
pdl,1
bmolightsfest,1
titleplayed,1
cared,1
nightforeverorange,1
hardware,1
austinfc,1
twitterbut,1
button,1
tonightwell,1
novembertour‚Ä¶,1
weektbt,1
finalwho,1
chivdal,1
‚äôgt,1
soundersfcnow,1
nations,1
represented,1
calvos,1
grant,1
veljko,1
answered,1
hauptman,1
barsdjomihailovic,1
canary,1
islands,1
pictureperfect,1
allwhites,1
irlnzl,1
whites,1
difficulty,1
katais,1
decide,1
cities,1
austin,1
skytowngo,1
calen,1
wa‚Ä¶,1
onefrankie,1
precisionwho,1
titlevote,1
mlsskills,1
thereforeverorange,1
chicagochifireacademy,1
reinforcementsforeverorange,1
netherlands,1
nikonemanjaits,1
entries,1
chicagohappy,1
luxembourg,1
technical,1
anywhere,1
carmendefalco,1
champions,1
kickchildhoodcancerfor,1
europa,1
identified,1
starswelcome,1
talks,1
blooded,1
sync,1
mlb,1
adult,1
dates,1
chicagoour,1
dreaminwe,1
speaking,1
yessssssss,1
wisdomadvice,1
artie,1
teaching,1
photos,1
pricing,1
morehappy,1
staffwelcome,1
sebastian,1
pelzer,1
priority,1
hiring,1
taking‚Ä¶,1
suited,1
yellow,1
tree,1
waited,1
tis,1
broom,1
providing,1
fellow,1
essentials,1
riding,1
circle,1
ink,1
assembly,1
required,1
fredhuebner,1
hopefully,1
onlet,1
in‚Ä¶,1
¬°disfruta,1
fieldjonnybornstein,1
amandomoreno,1
onhere,1
nikoooooooo,1
himbigger,1
espnforeverorange,1
swag,1
mess,1
slbenficaen,1
ü§ùchifireacademy,1
aheadcongrats,1
devoted,1
kidsthis,1
friendevery,1
ugandan,1
motivated,1
dude,1
toda,1
resigned,1
painted,1
soul,1
chicagomax,1
sansing,1
mitrovic,1
chicagofirefitc,1
studded,1
finals,1
deserves‚Äº,1
youngkids,1
redirect,1
brb,1
grade,1
reasons,1
temporada,1
klubu,1
exploding,1
ord,1
contest,1
galaxy,1
jessejfisher,1
closures,1
teen,1
titan,1
connects,1
milestone,1
¬ølistos,1
combine,1
lleg√≥,1
mrcobaltcrg,1
deflected,1
dime,1
itkeep,1
agjondagrind,1
owengoal,1
school,1
caring,1
nightnerevs,1
cps,1
torontofckronholm,1
sp‚Ä¶,1
incred‚Ä¶,1
pÃ∂rÃ∂eÃ∂sÃ∂eÃ∂aÃ∂sÃ∂oÃ∂nÃ∂,1
blessed,1
listbacktoback,1
zahibo,1
tale,1
dubsthree,1
strik‚Ä¶,1
kronholmbornstein,1
wilfried,1
catches,1
attempt,1
plenty,1
briansandalow,1
hÃæaÃænÃædÃæsÃæ,1
‚É£‚É£‚É£th,1
xikronholm,1
diaz,1
hÃæoÃætÃæ,1
additions,1
lol,1
leadnerevs,1
soakin,1
degreesthe,1
programming,1
sweepstakes,1
report,1
ederalcantar,1
arsenalistrator,1
hundred,1
qualification,1
commence,1
tub,1
regularly,1
isnot,1
üßäü•∂,1
fires,1
smoka,1
servusbasti,1
weeksmlsisback,1
nbaallstar,1
standard,1
scheduled,1
tide,1
broadcasts,1
saaaaame,1
bou,1
multiyear,1
monthly,1
allaccess,1
conditioner,1
connorulrey,1
genuinely,1
sixty,1
garden,1
gustavo,1
chivdcu,1
patrick,1
normal,1
teamback,1
chicagoon,1
wgntvvvvaaammmooosss,1
interrupt,1
wednesdaywisdom,1
flame,1
chicago‚Ä¶,1
fieldshuttleworth,1
yrs,1
reserve,1
carta,1
bus,1
nothin,1
ta√Øder,1
baaaack,1
leer,1
wh‚Ä¶,1
parents,1
cookies,1
thingour,1
boston,1
baby,1
won,1
stacked,1
steeped,1
nikonemanjas,1
mandated,1
wifi,1
andor,1
englandnerevs,1
stopped,1
przeczytaƒá,1
passing,1
kljestan,1
saddened,1
previously,1
lvlightsfc,1
breakkronholm,1
ü§ö,1
tested,1
cache,1
bingham,1
bitterling,1
martinez,1
loaned,1
aby,1
espa√±ol,1
loganfrommelt,1
recommended,1
matchwinnerday,1
lagalaxytodays,1
cordial,1
chicagoanssinglematch,1
ignite,1
tuyo,1
shieldtonight,1
package,1
movie,1
goods,1
yearlong,1
wasabi,1
tonighttune,1
luuuuuuukamonster,1
turnin,1
enables,1
notificationsfour,1
roof,1
·¥õ·¥è·¥ç·¥è Ä Ä·¥è·¥°unlock,1
soundersacademy,1
beyond,1
implications,1
used,1
wor‚Ä¶,1
madrid,1
winnerthank,1
‚Äç‚Äç,1
file,1
await,1
volumes,1
legendmb,1
newlook,1
sky,1
worldchicago,1
surface,1
blue,1
clear,1
phones,1
fancy,1
suntimes,1
astasiawill,1
stationwinner,1
briansandalows,1
wej≈õcie,1
participating,1
setter,1
flotation,1
lawednesday,1
yesterdays,1
tweeting,1
conversaci√≥n,1
vean,1
swaps,1
alums,1
outcampbell,1
nightmare,1
lifc,1
bienvenida,1
c√°lida,1
charla,1
calvogutjahr,1
bornsteinv√°squez,1
tudnradio,1
sloninaedwards,1
sapongmonis,1
ü§ü,1
copy,1
plane,1
touched,1
cogorg‚Ä¶,1
ca,1
outget,1
forwar‚Ä¶,1
hypedbogo,1
therapy,1
wyatt,1
ucl,1
regionals,1
jtomszak,1
gacup,1
stoppp,1
raheem,1
stefcleveland,1
notice,1
nooo,1
congratulations,1
ricardo,1
beriƒájim√©nez,1
colliercasas,1
pulled,1
bop,1
matchvamos,1
‚è≥,1
oooh,1
gordon,1
clears,1
weee,1
sprinting,1
sarah,1
announcements‚Äº‚É£,1
burned,1
week‚Ñ¢,1
talkbschweinsteiger,1
flick,1
goooo,1
frame,1
crops,1
gamechiredstarspr,1
flourish,1
skin,1
tampasecond,1
kent,1
clark,1
michalgacek,1
readyour,1
university,1
tampataking,1
newbies,1
¬°y,1
speeeeeeeeech,1
kiwiwelcome,1
enclosed,1
kennys,1
darkness,1
sees,1
isolation,1
heartthank,1
ampdjomihailovic,1
waynerooney,1
finishera,1
irvine,1
shop,1
theyve,1
mccormick,1
unlocked,1
wisconsinwere,1
thread,1
exercises,1
lashuttleworth,1
bloodbrothers,1
searching,1
chiautoshowmaking,1
swing,1
foul,1
bulking,1
backline,1
satisfied,1
twitch,1
earn,1
exciting,1
aroundthank,1
crave,1
overturns,1
supplying,1
youjonnybornstein,1
victor,1
seasonwell,1
primary,1
bezerra,1
rodrŒØguezs,1
‚Äî‚Äî‚Äî‚Äî‚Äî‚Äî‚Äî‚Äî‚Äî‚Äî‚Äî‚Äî‚Äî‚Äî‚Äî,1
nicolas,1
mezquida,1
redirects,1
kenneth,1
quality,1
replaces,1
substitution,1
acosta,1
closerange,1
nicholson,1
shinyashiki,1
steven,1
initially,1
À¢·µâ·µñ·µó·µâ·µê·µá·µâ ≥,1
antwongelato,1
seed,1
ages,1
periodg,1
rzƒôdu,1
z,1
razy,1
vazquez,1
rodriguez,1
periods,1
trzy,1
period,1
golazzooocurrently,1
unchanged,1
honduran,1
dummies,1
focusedour,1
cali,1
scarves,1
upthats,1
scarved,1
gratulacje,1
whistleup,1
ü§©join,1
chifireeyedboy,1
¬π‚Å∑,1
¬≤‚Å∞¬π‚Åπ,1
shipment,1
adidas,1
valentinesday,1
psa,1
shoelaces,1
odds,1
portlandbest,1
campread,1
resultwicky,1
awanspolska,1
recaps,1
kto,1
defy,1
ana,1
onepisode,1
dignity,1
¬°bonito,1
fooddepository,1
ante,1
gast√≥nnnnnn,1
feet,1
senior,1
fvfoficial,1
ery,1
watchur,1
onveryone,1
clima,1
coraz√≥n,1
medimos,1
mnufces,1
gamewinning,1
woke,1
likeee,1
mondaymotivaton,1
wwwinning,1
yesterday,1
upfire,1
upcffc,1
backchivdc,1
flying,1
nilsekuliƒá,1
eliminatoriassudamericanas,1
comingcffc,1
midwest,1
locations,1
ahora,1
cerrar,1
broche,1
oro,1
hispana,1
√©l,1
www,1
eventscore,1
resources,1
operating,1
chicagotune,1
row,1
invest,1
citys,1
damaniiiiiiiiiiiiiiiiiiiii,1
suspected,1
embracing,1
grindcffc,1
brief,1
refresher,1
treasure,1
countries,1
goalchivdc,1
chef,1
serves,1
cluband,1
gift,1
¬øsabes,1
cu√°l,1
platillo,1
favorito,1
durante,1
hispan‚Ä¶,1
scavenger,1
hunt,1
storied,1
firea‚Ä¶,1
earlychivdc,1
steadfast,1
pushcffc,1
kap,1
reid,1
kansas,1
leadskcvchi,1
thisclose,1
closing,1
melia,1
earlyskcvchi,1
craftin,1
viernes,1
¬°actitud,1
diamundialdelasaludmental,1
pupdate,1
misses,1
frens,1
comienza,1
regresiva,1
‚è≥¬°vamos,1
esos,1
noche,1
stepping,1
hillary,1
bell,1
helped,1
worked,1
switched,1
setback,1
onesee,1
s√©,1
amable,1
atento,1
dem√°s,1
siempre,1
hasta,1
experiencia,1
habla,1
operators,1
text,1
tool,1
changeplays,1
equips,1
succeed,1
classroom,1
firstchivrbny,1
pushingchivrbny,1
unleash,1
smooth,1
comfy,1
condolences,1
lista,1
recibir,1
invitados,1
writing,1
completely,1
understand,1
lacharie,1
searcy,1
grand,1
drawing,1
fieldchivrbny,1
postwere,1
beriƒáchivrbny,1
leftchivrbny,1
saying,1
depend,1
aggressive,1
whistlecffc,1
waitfinal,1
preparations,1
lluvia,1
nieve,1
paramos,1
¬°grande,1
deckwednesday,1
vela,1
lafcvla,1
abc,1
otd,1
rule,1
supreme,1
earned,1
equalizeschivrbny,1
miguelcffc,1
goodchivrbny,1
totalsoccershow,1
daryls,1
buscabaalvaromedran,1
shortly,1
sportings,1
secondchivskc,1
fraycffc,1
spoiler,1
itberiƒá,1
halftimechivskc,1
hurtado,1
boardchivskc,1
fourchivskc,1
lakefrontchivskc,1
fckoelnen,1
tss,1
¬ølo,1
celebrar√°s,1
tarde,1
tunein,1
revenge,1
tempo,1
intent,1
startcffc,1
temps,1
tengo,1
kinda,1
djordjeeeeedksvkdfngjsvmdsi,1
deathchivskc,1
veinsdjomihailovic,1
aesthetics,1
daytime,1
bump,1
that,1
thingcffc,1
stoichkov,1
expanded,1
public,1
schools,1
yearhelp,1
¬°participen,1
octubre,1
onward,1
makeup,1
hiiiiiiiii,1
combat,1
racism,1
impactenter,1
anytime,1
boots,1
ice,1
lads,1
childrens,1
skytown,1
producing,1
fuerza,1
grub,1
tvchivhou,1
pulling,1
checking,1
‚Äç‚Äç‚Äçvoiced,1
crafts,1
awaycffc,1
rip,1
showman,1
dig,1
againberiƒás,1
dynamocffc,1
uswallpaperwednesday,1
encourage,1
mes‚Ä¶,1
voicenationalvoterregistrationday,1
weekwednesday,1
whistleorlvchi,1
mikecffc,1
yearcffc,1
urso,1
gameschivhou,1
leadchivhou,1
mercy,1
wickytaking,1
prioritycffc,1
shutout,1
atl,1
confident,1
tonecffc,1
hanging,1
curbside,1
querido,1
mientras,1
¬°felizviernes,1
tqm,1
allchivhou,1
reached,1
highlight,1
reels,1
fourchivhou,1
√°lvarocffc,1
vetcffc,1
espnchivhou,1
cylinders,1
goodness,1
comingalvaromedran,1
orlandos,1
bullseye,1
itwere,1
hispanicheritagemonth,1
simple,1
blessings,1
scopes,1
southcffc,1
elevate,1
activateour,1
inspire,1
vote‚Ä¶,1
¬°conoce,1
canterano,1
¬°mi√©rcoles,1
pkorlvchi,1
m√©xico,1
celebrando,1
diadelaindependenciademexico,1
¬°dejen,1
su‚Ä¶,1
orlandobschweinsteigers,1
farewell,1
independecia,1
costa,1
rica,1
lions,1
reward,1
education,1
ongoing,1
espnorlvchi,1
medr√°ns,1
orlandoorlvchi,1
header,1
offsideorlvchi,1
nani,1
tallorlvchi,1
mueller,1
earlyorlvchi,1
floridaorlvchi,1
juice,1
üßÉ,1
shall,1
nuestros,1
lovely,1
exploria,1
departingord,1
mco,1
idea,1
sauer,1
aziramicheals,1
added,1
announcer,1
unstoppable,1
spotlight,1
espnmtlvchi,1
gd,1
companyberiƒá,1
accams,1
consecutive,1
lappalainen,1
equalizes,1
impactmtlvchi,1
againberiƒá,1
goalmtlvchi,1
fixtures,1
conmebol,1
buildingin,1
zone,1
harrison,1
nj,1
fell,1
withand,1
fav,1
drip,1
encouragement,1
capi,1
leadmtlvchi,1
urruti,1
equalizermtlvchi,1
innnnn,1
chifijo,1
plug,1
wrigleytoffee,1
strictly,1
hottest,1
detailscffc,1
fanning,1
flames,1
hop,1
crazy,1
was‚Ä¶,1
dropped,1
kaps,1
equalizeryeah,1
predator,1
instincts,1
filling,1
pushed,1
threeback,1
contractsaturday,1
johancffc,1
relaxing,1
consistentcffc,1
atlwe,1
inductee,1
btwfire,1
sleepin,1
üßπüßπcffc,1
dabears,1
debut‚Äºcffc,1
fabicffc,1
stretchcffc,1
morecffc,1
espnchivatl,1
soccerhof,1
blazingggg,1
vinnybananas,1
anothera,1
straightchivatl,1
elsefabi,1
againchivatl,1
markbruker,1
natural,1
habitat,1
flexin,1
donates,1
bears,1
fyi,1
fÃæiÃærÃæeÃæ,1
oÃænÃæ,1
mÃæaÃænÃæ,1
dylancysewski,1
introducing,1
atlanta,1
cuando,1
dicen,1
va,1
empezar,1
est√°s,1
lejos,1
televisi√≥n,1
‚Äçvamosfire,1
cooling,1
trending,1
rapid,1
attitude,1
flythew,1
ü§ó,1
llevamos,1
fin,1
semana,1
changethegame,1
tripshow,1
trips,1
sameday,1
ganas,1
attracting,1
abroad,1
spotlights,1
scouting,1
ended,1
remaining,1
bonitas,1
palabras,1
ü•∫¬°te,1
esperamos,1
cleanse,1
ideas,1
secondyoungest,1
flightarriving,1
hell,1
talents,1
j√°der,1
colors,1
involved,1
sentrock,1
need‚Ä¶,1
pleased,1
inspiration,1
eager,1
provides,1
colonnades,1
forwardmsnfcs,1
backyardwelcome,1
inwelcome,1
christian,1
pinzon,1
pickwelcome,1
picksround,1
‚è∞follow,1
¬°gast√≥n,1
brightertogether,1
illuminated,1
runs,1
amber,1
tribute,1
¬°nuestro,1
fedefutbolcrcvamosfire,1
strive,1
february,1
variety,1
incentives,1
beginningthank,1
daysweek,1
develop,1
collab,1
hoping,1
ivanovlet,1
remained,1
intact,1
spotlighting,1
champ,1
younger,1
christmas,1
flightnamed,1
progressing,1
playereuropa,1
capsstill,1
google,1
qualifyingmauricio,1
patrickmccraney,1
stan,1
bulgarian,1
suit,1
nightministry,1
leftfooted,1
crosses,1
¬°‚É£‚É£,1
intercepciones,1
a√±onuestro,1
helpi‚Ä¶,1
child,1
farbut,1
at‚Ä¶,1
tonightlets,1
callingmauricio,1
weekends,1
fundamental,1
futuremauricio,1
bad,1
boom,1
built,1
homegrownsnew,1
pitches,1
places,1
holidays,1
unconditional,1
a‚Ä¶,1
hearted,1
startedtake,1
decade,1
revealeddirect,1
global,1
playoffs,1
finishers,1
existstwitter,1
theathleticsccr,1
offseason,1
voices,1
microscope,1
shirtdrop,1
needing,1
scored,1
secure,1
finished,1
no‚Ä¶,1
replies,1
tongagimenez,1
middle,1
communitiesthis,1
c√°mara,1
chicagoanshit,1
tomorrowmauricio,1
tracybaimwcmg,1
chicagoreader,1
lover,1
soccer‚Äîand,1
play‚Ä¶,1
tiro,1
bello,1
debe,1
stood,1
inspiring,1
hatethank,1
pierdan,1
indianamsoc,1
platic√≥,1
¬°les,1
compartimos,1
bunch,1
barriers,1
mea,1
mustread,1
collaborating,1
fwdfeatherstone,1
serious,1
indepth,1
con‚Ä¶,1
szczƒô≈õliwego,1
dnia,1
pƒÖczek,1
cuz,1
qfs,1
sneak,1
peek,1
neighborhoods,1
ver,1
lenta,1
intriguing,1
alabama,1
cheenonsoivanov,1
stanislaviivanovespinoza,1
responses,1
countingpopular,1
themes,1
offer,1
nate,1
wbrne,1
write,1
submission,1
crestchicagoans,1
daywe,1
upcheck,1
summary,1
soonjanuary,1
stepped,1
mauricios,1
backhomegrown,1
inbox,1
inviteweek,1
collaborators,1
littlerbige,1
igoffor,1
playin,1
ain,1
firetransfers,1
hardworking,1
nonprofit,1
reimagine,1
bekevincoval,1
pens,1
corners,1
gamesvamos,1
currently,1
rocket,1
inductees,1
chicagonisa,1
espnfc,1
blackhistorymonth,1
exploring,1
usscholarships,1
awarded,1
essays,1
entry,1
entered,1
candaceparker,1
asap,1
lider√≥,1
segundo,1
clasificado‚Ä¶,1
visions,1
assistminvchi,1
st,1
paul,1
mn,1
job,1
‚åõ,1
shapes,1
mustwin,1
mentalitycffc,1
teammategast√≥ns,1
matchup,1
diademuertos,1
itsavvy,1
pt,1
stake,1
escape,1
civic,1
fulfillers,1
promising,1
muertos,1
¬øya,1
pusieron,1
pinpoint,1
beautyfrankie,1
doesminvchi,1
bigminvchi,1
select,1
series‚Äº,1
messages,1
discounts,1
tunedcffc,1
twoway,1
threat,1
foundationbid,1
ranksgoal,1
‚É£‚É£‚É£,1
treating,1
varminvchi,1
levelsminvchi,1
aja,1
minnesotaminvchi,1
platter,1
breathing,1
roompineda,1
leadminvchi,1
firmly,1
minny,1
altar,1
groove,1
exclusively,1
espnphivchi,1
spirits,1
jmusports,1
famer,1
latercffc,1
specialfirst,1
bagged,1
fate,1
refuel,1
retakes,1
leadphivchi,1
redphivchi,1
carved,1
converts,1
spotphivchi,1
forwardphivchi,1
spooky,1
toil,1
trouble,1
fine,1
wine,1
ortizfutbol,1
tricky,1
nextteam,1
lurking,1
fright,1
nightmares,1
switching,1
deadlockcffc,1
espnnshvchi,1
ghosting,1
defensenshvchi,1
likesekuliƒá,1
equalizernshvchi,1
r√≠os,1
nashvillenshvchi,1
carve,1
haunt,1
stitch,1
installment,1
tennessee,1
creeping,1
gotcffc,1
gabriel,1
s√°nchez,1
¬°vaya,1
conjure,1
nashvillecffc,1
carrifromtexas,1
banterbuddies,1
droselfc,1
ü•Å¬°alvaromedran,1
penguin,1
hopped,1
sheddaquarium,1
waddling,1
thirdplace,1
topflightwelcome,1
porque,1
ustedes,1
pidieronü•Å,1
ü•Å,1
significado,1
dazzling,1
tatuaje,1
festejo,1
alvaromedrans,1
stunning,1
spaniard,1
evolving,1
screw,1
weight,1
itrobert,1
vetmauricio,1
maradona,1
gratitude,1
feast,1
dished,1
brfootball,1
flips,1
gtgtgtgt,1
egresado,1
fuerzas,1
b√°sicas,1
titular,1
durant‚Ä¶,1
suppo‚Ä¶,1
firstteam,1
allacc,1
callup,1
milestonehello,1
lemont,1
packed,1
calendar,1
bluedjomihailovic,1
brandts,1
masked,1
meaning,1
chest,1
handshakerobert,1
mlsberiƒá,1
rhythm,1
sunny,1
nycfcs,1
thirdchivnyc,1
slovenian,1
sensation,1
beriƒáchivnyc,1
backchivnyc,1
mackaysteven,1
callens,1
time‚Äº,1
greetings,1
vie,1
cap,1
fortress,1
alexmonis,1
courage,1
everythingdecisionday,1
participa,1
ganar,1
playera,1
ü§©‚É£,1
s√≠guenos,1
da,1
medina,1
secondchivnyc,1
fightingdjordje,1
levelfrankie,1
rfsdailycffc,1
attackwelcome,1
jos√©,1
length,1
goalkeeper,1
sincere,1
jeremiah,1
sacrificed,1
crumbsnmystache,1
production,1
led,1
g‚Ä¶,1
desired,1
results,1
colombiancffc,1
castellanos,1
nochivnyc,1
nachocffc,1
buckle,1
breaths,1
fightingchivnyc,1
puravida,1
comin,1
fireforfood,1
careercffc,1
fija,1
objetivo,1
zach,1
shoulderscffc,1
juntos,1
somos,1
offmlsisback,1
realwhole,1
counted,1
chicagofirelet,1
tomorrowcffc,1
topseeded,1
reacts,1
makhi,1
academy,1
cst,1
whe‚Ä¶,1
thechampions,1
¬øa,1
le,1
emociona,1
firedigo,1
mirada,1
june,1
beckham,1
arelearn,1
¬°ignacio,1
winshappy,1
bar,1
esfelizd√≠adelpadre,1
fathersday,1
papas,1
outworked,1
bbday,1
crayons,1
colorful,1
fantas√≠a,1
differentmlsisback,1
graham,1
chicagobased,1
creator,1
freedom,1
reflect,1
empower,1
juneteenth,1
systemic,1
highinsurrender,1
educating,1
amigos,1
‚Äç‚Äçvamosfire,1
whether,1
juliana,1
rathe‚Ä¶,1
liftoff,1
nerevolutioncffc,1
¬øc√≥mo,1
ü§îac√°,1
jesse,1
reintroduce,1
fcrbsen,1
safety,1
jujubornstein,1
chicos,1
passion,1
underneathchicago,1
performs,1
mlsidle,1
unused,1
volleys,1
decided,1
loving,1
thi‚Ä¶,1
calencarrs,1
headbandcalencarr,1
usher,1
system,1
resuming,1
sets,1
againmlsisback‚Äº,1
magic,1
quiere,1
compartir,1
contigo,1
c√≥mo,1
vive,1
¬°√©chale,1
vistazo,1
humanity,1
reprehensible,1
comments,1
owners,1
nini,1
deli,1
contradict,1
values,1
severed,1
establishment,1
sessions,1
agreement,1
energized,1
proudlywe,1
shakes,1
separate,1
perk,1
returnmlsisback,1
sleeps,1
fits,1
crack,1
champscffc,1
sights,1
patiently,1
ticking,1
tuesdaycffc,1
nrarmour,1
especial,1
golfer,1
stance,1
putt,1
faltan,1
cinco,1
d√≠as,1
footballguys,1
keikamara,1
¬°oye,1
compa√±eros,1
foe,1
marchtomorrow,1
changed,1
seechicagos,1
bwana,1
lukacffc,1
swap,1
cuts,1
downchivsea,1
boyschivsea,1
back‚Äºcffc,1
clocked,1
incffc,1
proudly,1
hours‚Äºtnterens,1
preview,1
seattlecffc,1
alarms,1
reminders,1
numerical,1
followed,1
formation,1
teamside,1
suztodd,1
dwight,1
tienen,1
ti‚Ä¶,1
calendars,1
downtogether,1
itmlsisback,1
touch,1
ithe,1
bal√≥n,1
micr√≥fono,1
kindness,1
honesty,1
herechicago,1
louder,1
celebrations,1
backbring,1
matt,1
chiredstarspr‚Äº,1
chicagolandcffc,1
neighbor,1
citywear,1
calentando,1
motores,1
ignaciohh,1
bracket,1
countdown,1
onmlsisback,1
callshow,1
growth,1
growthefuture,1
citymlsisback,1
polstercffc,1
capihbd,1
opponent,1
goalscffc,1
weighting,1
¬°todos,1
entrenamiento,1
conversations,1
continueblacklivesmatter,1
cheesin,1
screen,1
sths,1
popcorn,1
drive‚Äëin,1
search,1
names,1
waitforitwaitforitwaitforitgifs,1
hace,1
detour,1
checked,1
importantcffc,1
mcbride,1
donovanespndeportes,1
chicagobears‚Äº,1
rushmedical,1
shaping,1
stojanoviƒás,1
therealheroes‚Äºheres,1
administer,1
drivethrough,1
testing,1
advocatehealth,1
vanillechicago,1
northwesternmed,1
beatrixchicago,1
artofdosa,1
semifinal,1
northshoreweb,1
cocinitachicago,1
restaurants,1
deliver,1
meals,1
nationalnursesday,1
therealheroes,1
todaydr,1
jim,1
medicine,1
easierhow,1
blancos,1
starstudded,1
crisisstarting,1
decorated,1
immortalized,1
induction,1
rootspizza,1
quad,1
citiesstyle,1
smallbusinessweek,1
lifting,1
navigating,1
uncertainties,1
highlighting,1
rescuelater,1
cancffc,1
window,1
casual,1
cuauhtemoc,1
store,1
chicagofires,1
dramatic,1
secondleg‚Ä¶,1
blancowhich,1
cuauht√©moc,1
specialist,1
nurses,1
doctors,1
tÃ∂rÃ∂aÃ∂iÃ∂nÃ∂,1
birthday‚Äº,1
permit,1
outdoor,1
fields,1
individual,1
voluntary,1
workouts,1
opencupclassicschicagofire,1
yt,1
fb‚Ä¶,1
Ã∂lÃ∂iÃ∂kÃ∂eÃ∂,1
workersjoin,1
Ã∂uÃ∂sÃ∂,1
train,1
¬øcelebraremos,1
ni√±o,1
√±,1
participar,1
ga‚Ä¶,1
baking,1
mealsif,1
consider,1
youtube,1
completed,1
everopencup,1
realpiotrnowak,1
representative,1
events,1
spent,1
holder,1
featuring,1
djomihailoviccffc,1
teachers,1
educators,1
continuing,1
impacts,1
communitiestoday,1
nationalteachersday,1
othercffc,1
foxdeportes,1
etstayandplay,1
gettin,1
usoc,1
affair,1
clu‚Ä¶,1
fairytale,1
ebrimstone,1
brownon,1
titlesonly,1
domestic,1
wolff,1
timesgot,1
armas,1
beasley,1
bocanegra,1
kovalenko,1
marsch,1
soehn,1
sorber,1
stoitchkov,1
whitfield,1
wolyniecthis,1
enthusiasts,1
pierdas,1
thelockerroom,1
¬øqu√©,1
ritmo,1
tienes,1
ajhudsons,1
rips,1
trickcffc,1
nosew,1
key,1
answers,1
wrong,1
quiz,1
entertained,1
makingon,1
remembering,1
ultimate,1
sacrifice,1
freedoms,1
memorialday,1
coronation,1
sentimental,1
tees,1
firstclass,1
lefty,1
ac,1
milan,1
doc,1
trailer,1
thompsons,1
humanitarian,1
hydratehumanity,1
thousands,1
impactedwells,1
patrons,1
standardbar,1
alike,1
gamessix,1
‚Ü©,1
krollssouthloop,1
raining,1
clouds,1
blueangels,1
salute,1
responders,1
luminaries,1
schubas,1
landmark,1
direction,1
dining,1
gotavern,1
philanthropy,1
goodwill,1
rpublichouse,1
welcomes,1
pillar,1
folks,1
diy,1
kiddos,1
mamas,1
mothersday,1
spectacular,1
showstopping,1
brilliant,1
accepted,1
gem,1
galwayarms,1
lincoln,1
goto,1
irish,1
hospitality,1
celtic,1
cuisine,1
magnificent,1
mile,1
navy,1
pier,1
timmyotooles,1
‚Äçwith,1
otherscffc,1
brought,1
worlds,1
ambassadorpubs,1
european,1
favorites,1
ü§îwriteins,1
handwalla,1
told,1
pinedas,1
twinkle,1
pieces,1
duonycvchi,1
postthe,1
halfnycvchi,1
talking,1
helps,1
parks,1
earlynycvchi,1
mentioned,1
tuesdayfirewatchparty,1
paws,1
leadnycvchi,1
dribla,1
gast√≥n‚Ä¶,1
collectionfirewatchparty,1
replicate,1
visitbusiness,1
leisure,1
saludes,1
ny,1
confidentcffc,1
honoring,1
tinnerholm,1
forge,1
lightyear,1
·¥è…¥,1
cincinnaticinvchi,1
ramping,1
relentless,1
pursuit,1
prepping,1
‚Å¶tnterens‚Å©,1
‚Å¶espn‚Å©,1
‚Å¶wgntv‚Å©,1
‚Å¶chicagofire‚Å©,1
‚Å¶fccincinnati‚Å©,1
 ü·¥è·¥Ñ·¥Ä·¥õ…™·¥è…¥,1
myth,1
cures,1
rides,1
chicagoat,1
uncertainty,1
refundableour,1
yetsecure,1
focus,1
destination,1
sintonicen,1
espnvamosfire,1
essential,1
hatzis,1
rowcffc,1
vary,1
awe,1
enjoyfirewatchparty,1
chin,1
grip,1
prizewinning,1
sayingfirewatchparty,1
ohhhh,1
myyyy,1
definitely,1
startalvaromedran,1
chicagofiregood,1
sixpoint,1
theyre,1
tonightjoin,1
include,1
matchused,1
items,1
nets,1
hme,1
teammessi,1
smoke,1
pretty,1
shaking,1
alexanderrleachfirewatchparty,1
yoursfirewatchparty,1
three‚Äºthe,1
fulfilling,1
amendment,1
voter,1
ida,1
trailblazers,1
equality,1
beyondmichelleduster,1
reflects,1
greatgrandmother,1
lasting,1
impactwomensequalityday,1
accurate,1
postmatch,1
reaction,1
surely,1
exact,1
scoredfirewatchparty,1
total,1
otherwisefirewatchparty,1
honestfirewatchparty,1
nil,1
upfirewatchparty,1
wayyyyy,1
espncinvchi,1
drivechicago,1
calm,1
storm,1
believing,1
lfg,1
ü§ûü§ûü§û,1
everyones,1
rested,1
readycffc,1
tunnel,1
campus,1
crewcffc,1
legendcongrats,1
·¥ç·¥Ä Ä·¥ã,1
·¥á·¥ç,1
·¥Ö·¥è·¥°…¥three,1
lost,1
arewallpaperwednesday,1
mlsnext,1
paradigm,1
platform,1
transform,1
wher‚Ä¶,1
cloudy,1
decor,1
english,1
broadcast,1
bear,1
equalizeschivclb,1
alashe,1
deflects,1
halfchivclb,1
kateellerd,1
claim,1
itchivclb,1
halfcffc,1
sali√≥,1
sl,1
tiempo,1
siguientes,1
uppp,1
robles,1
injurycffc,1
leadchivclb,1
homechivclb,1
fieldchivclb,1
warmed,1
grahamcouch,1
winnerforever,1
hashtag,1
firepatchparty,1
bbby,1
protect,1
meeting,1
measures,1
revscffc,1
twogame,1
homestand,1
sundaylets,1
stroll,1
tmrw,1
embrace,1
shututs,1
bounce,1
wellness,1
performancecffc,1
fights,1
reactions,1
injured,1
bigfirewatchparty,1
againreaction,1
levelcinvchi,1
thisdrewjohnson,1
fÃ∂iÃ∂rÃ∂eÃ∂wÃ∂aÃ∂tÃ∂cÃ∂hÃ∂pÃ∂aÃ∂rÃ∂tÃ∂yÃ∂,1
present,1
cffcs,1
browns,1
historyadin,1
upppp,1
beriƒácffc,1
attempted,1
crosschivne,1
elrodriguezzzzz,1
leo,1
expect,1
fabis,1
soldierchivne,1
knocking,1
doorchivne,1
visitorschivne,1
adin,1
dressed,1
guest,1
conclusionwere,1
emotional,1
televised,1
nationally,1
fortresscffc,1
witness,1
thrilled,1
toowelcome,1
chic‚Ä¶,1
zero,1
inicial,1
primera,1
vez,1
shiftcffc,1
stagechi,1
van,1
hou,1
knockout,1
itttttt,1
hourscffc,1
settlingcffc,1
true,1
admin,1
llamado,1
previews,1
task,1
handcffc,1
aprender,1
avanzar,1
lesson,1
sarahalbavera,1
opposite,1
silbatazo,1
finalecffc,1
defend,1
samuraisara,1
parts,1
groupcffc,1
tenemos,1
jonnybornsteins,1
optioncffc,1
queremos,1
compartirte,1
ladies,1
nwslchallengecup,1
react,1
thursdays,1
fulltime,1
crossbar,1
disallows,1
d√°jome,1
andddd,1
barring,1
remains,1
delayed,1
goodies,1
areagrab,1
spectrum,1
character,1
course,1
fingertips,1
proceeds,1
programpurchase,1
guaranteed,1
jackpot,1
fanscffc,1
triumphant,1
joses,1
marking,1
tylerchifire,1
vengeance,1
erathe,1
wondolowski,1
togethercffc,1
possessedcffc,1
deserved,1
sacrifices,1
af,1
prep,1
an‚Ä¶,1
night‚Äºjoin,1
quakessignup,1
likes,1
saben,1
partidoy,1
b‚Ä¶,1
spiritcffc,1
jose,1
outdone,1
summertime,1
appearing,1
injure,1
kneecffc,1
nightwickys,1
uh,1
thismlsisback,1
workcffc,1
poppin,1
tho,1
imagine,1
boards,1
assigned,1
arrive,1
earlyevent,1
guidelines,1
happening,1
matchdaydownload,1
yessssssssss,1
nowyoucan,1
profit‚Ä¶,1
original,1
back‚Äº,1
twofirewatchparty,1
fail,1
convert,1
skies,1
renhaup,1
tshirts,1
etienne,1
ohio,1
trenches,1
relaxed,1
sheesh,1
intensifies,1
office,1
nowcffc,1
knocks,1
bundles,1
jugadores,1
poco,1
lectura,1
antes,1
jumpstartcffc,1
overcffc,1
overload,1
cute,1
overfirewatchparty,1
tides,1
debuthometown,1
happeningcffc,1
tonightcffc,1
momentcffc,1
benbradleytv,1
homevoiced,1
witnesslet‚Ä¶,1
soak,1
lens,1
dwightwhite,1
dives,1
connection,1
creativitydwightwhite,1
homeno,1
makingonly,1
orrinschwarz,1
dhbizledger,1
ter√°ncffc,1
america,1
grindingcffc,1
nagbe,1
regalsoccerpod,1
chicagoif,1
availableall,1
checa,1
ease,1
toward,1
comeback,1
fullback,1
originally,1
tells,1
patrickmccr‚Ä¶,1
attendance,1
august,1
üßâ,1
nota,1
less,1
togetherlife,1
ne‚Ä¶,1
seguimos,1
reinforcements,1
returncffc,1
aug,1
firestacked,1
chivas,1
designed,1
warrenspeak,1
prepare,1
tried,1
recru‚Ä¶,1
hundreds,1
ellos,1
¬ø,1
restarted,1
shortcuts,1
excitedcffc,1
contractcffc,1
higher,1
climb,1
matchweek‚Äº,1
chicagowe,1
okokok,1
outgo,1
absent,1
checks,1
ü•ádamani,1
ralph,1
oncecffc,1
separates,1
jeremymikula,1
basement,1
prairie,1
realsaltlake,1
